"Actinidia arguta","http://t3.gstatic.com/licensed-image?q=tbn:ANd9GcR_AiS9-mgio6fgfI1M3qoeJG6QNGopPid4F-WGtD5PqptzBeOUNy7t5JQ4e1jSR5tcOJ47AvCpNDidqSE"
"Agastache rugosa","http://t1.gstatic.com/licensed-image?q=tbn:ANd9GcSQlzIek4jSYE4r6XB00ZL_FV8ZycCL6W0h_cYnCLV3HgIu6Er8D3cG734U899B2s5ZMPsja0eLD9YyHAU"
"Akebia quinata","http://t0.gstatic.com/licensed-image?q=tbn:ANd9GcRBM0v2LgKacE6kshqfnno3X-CO4rbY340URoF8J1y-P5jWP84TDF45brkGEi_mdnOyY6QkrPdja6Z_0mE"
"Allium ramosum","https://upload.wikimedia.org/wikipedia/commons/d/da/Allium_ramosum_01.jpg"
"Allium schoenoprasum","https://www.tuinadvies.nl/img/tuinadvies/uploads/1577367701-732146.jpg"
"Allium ursinum", http://t3.gstatic.com/licensed-image?q=tbn:ANd9GcRJdhgWNCtJDvw50p0ZDZeIgO467MztmS22jyTKbehPacriV4fDJicGWkRI3-Iu23dVgst4McvxB554j2M
"Alnus cordata", https://www.vdberk.nl/media/7670/alnus_cordata_1-1.jpg
"Althea officinalis", http://t1.gstatic.com/licensed-image?q=tbn:ANd9GcQ4y0fBsh1wmFuRNhlhKCEhzkVG5nPbbwsLLrYvA-slmIEaVbz_nx1W0nlvUAkTqXKY52op3gNa9QkPZbM
Amaranthus caudatus, http://t0.gstatic.com/licensed-image?q=tbn:ANd9GcSV2XkhkKfhbN0_v7Lx_0NMrDwE-RnY7i3Hadb-C0bUlUND1k-PfTp6sXQRQOg3BTWJqWF0mmgmqzEitsQ
Amelanchier lamarckii, http://t2.gstatic.com/licensed-image?q=tbn:ANd9GcQk20uNpBDc0o4CAjV73HeqKQDFWdE0HKJGv4v-ixEZnrUnpo1-CxPbzzTIY3-4tykCLr-VSFbo0IYRdTM
Amorpha fruticosa, http://t3.gstatic.com/licensed-image?q=tbn:ANd9GcTVJt8uSHlvdcGz_m1xQ8LszMImktuglmv4-ccyfqlKuGLqGqWD6AitZf7RJ7T4u5bWkv_O1-3yWBg32aU
Angelica keiskei, http://t3.gstatic.com/licensed-image?q=tbn:ANd9GcQ2E_hyH6M3FjwYAHrWlqyWDneLvzAnveZ0IwZ9z3Qs53xMYHwpQnqnTO4kBThHuJVN0hwevHjn021uEls
Aralia cordata, http://t3.gstatic.com/licensed-image?q=tbn:ANd9GcStVM57AAiEzX6rOe5XQMDKmP17NGyWi6dIm4xPkVK5MybxMRJ17kWAV8M06O7pXKNY_I2awZu6MNQwB4E
Arbutus unedo, https://i.etsystatic.com/17057214/r/il/c5b20f/3204701658/il_570xN.3204701658_qzke.jpg
Armoracia rusticana, https://upload.wikimedia.org/wikipedia/commons/thumb/b/b6/Armoracia_rusticana.jpg/1200px-Armoracia_rusticana.jpg
Aronia prunifolia, https://www.ebben.nl/files/treeEbb/images/852x480/aronia-prunifolia-fruits-1.
Basella alba, http://t3.gstatic.com/licensed-image?q=tbn:ANd9GcRyvp9o18V1nlQhnjKBIs4nLrs8oMvGN-CP2rOB2GxTh3xRCtDxTlfQVNrRM7uwkvW0ylX7AaAvSOn9w0Q
Buddleja davidii, http://t2.gstatic.com/licensed-image?q=tbn:ANd9GcSRKFFw9wBfdvVYg1DcNrR4yuge-Otcamm6OAF2CXTxXl_DvGzlB3fohMhCdER6p4H8tyFIBeOp8yNXSCI
Calycanthus floridus, http://t0.gstatic.com/licensed-image?q=tbn:ANd9GcRQBSOWwvhPqnb1Q1tsNXkWeHihbjEtq32dmS7y8Zr17iEPkbEUDrPuoWSSns-l2BF9MJ3tZUQVRVy6Dac
Caragana arborescens, https://i.etsystatic.com/21104947/r/il/c0ed95/2686607527/il_570xN.2686607527_9q3r.jpg
Casuarina equisetifolia, http://cdn.shopify.com/s/files/1/0047/9730/0847/products/nurserylive-plants-casuarina-equisetifolia-australian-pine-tree-plant-16968695840908.jpg?v=1634215651
Celtis australis, https://cdn.shopify.com/s/files/1/0540/1162/5665/products/3_81f12d39-9b89-4042-b912-6c82ce63711b_1024x1024.jpg?v=1629298863
Centella asiatica, https://www.picturethisai.com/wiki-image/1080/4646A62219114D08B1B33B121CC0AFDF.jpeg
Ceratonia siliqua, https://redlandfruitandspice.com/wp-content/uploads/2018/12/Carob-pod.jpg
Cercis siliquastrum, https://www.hillier.co.uk/wp-content/uploads/2021/03/Cercis-siliquastrum-Judas-Tree-Ampfield-House.jpg
Chaenomeles speciosa, https://landscapeplants.oregonstate.edu/sites/plantid7/files/plantimage/chsp3B.jpg
Cichorium intybus, https://www.picturethisai.com/wiki-image/1080/2A195B741F6C4728B29AEA7EE13B7550.jpeg
Citrus aurantifolia, https://naturalworld.nl/wp-content/uploads/2021/12/citrus-aurantifolia.jpg
Citrus limon, https://upload.wikimedia.org/wikipedia/commons/c/cd/Lemon_Tree_in_Santa_Clara_California.jpg
Citrus sinensis, https://upload.wikimedia.org/wikipedia/commons/b/b0/OrangeBloss_wb.jpg
Cornus mas, https://www.debomenshop.nl/1857-large_default/cornus-mas-gele-kornoelje.jpg
Corylus avelana, https://www.gardenia.net/storage/app/public/uploads/images/detail/9Bbg7XtcD4lDbcOfxMvukHl38Z8xLsFcNl68bx9q.webp
Crambe maritima, http://t2.gstatic.com/licensed-image?q=tbn:ANd9GcQXudJvmc8Bjq6DkHcHuxb6Bl2qFCBr4p0MHsWcK0wWgXDu782oyAluhvNLcl621bFNa7LTwHTWGcGVKXc
Crataegus monogyna, http://t0.gstatic.com/licensed-image?q=tbn:ANd9GcSKS46wPUm3RqaMTCWnlXt0Vz25x1gXgHKmH5XyDurNREhZYyV4FvZ8cpw2mL2l0j2YzmCVeBleGUqguKxjduK_wSAYh0_tilP48IgyPUn4
Crithmum maritimum, https://naturalworld.nl/wp-content/uploads/2021/12/crithmum-maritimum-1.jpg
Cydonia oblonga, https://www.tuinadvies.nl/img/tuinadvies/uploads/1398799832-130729-340.jpg
Cytisus striatus, https://eunis.eea.europa.eu/images/species//169707/c085e0cf92b58e989e86c87f81f54f15.jpg
Debregeasia edullis, https://d3bbsv6h7qkr8y.cloudfront.net/a9/f4/a9f41d237f49cb3907399f0fd52f5ed5.jpg
Decaisnea fargesii, https://i.etsystatic.com/28248389/r/il/669b0d/3236404465/il_570xN.3236404465_j6nk.jpg
Diospyros kaki, https://cdn.webshopapp.com/shops/22115/files/307534388/600x600x2/eetbare-tuin-edible-garden-diospyros-kaki-sharonfr.jpg
Elaeagnus angustifolia, https://www.directplant.nl/media/catalog/product/e/l/elaeagnus_angustifolia_1.jpg?optimize=medium&fit=crop&height=600&width=600
Elaeagnus multiflora, 
Elaeagnus umbellata
Elaeagnus umbellata
Elaeagnus x ebbingei
Eryobotrea japonica
Eugenia uniflora
Feijoa sellowiana
Ficus habrophyla
Fragaria moschata
Fraxinus angustifolia
Galium odoratum
Gunnera manicata
Halesia carolina
Hippophae rhamnoides
Humulus lupulus
Jacaranda mimosifoila
Juglans cinerea
Laurus nobilis
Ligustrum vulgare
Lonicera caerulea
Lycium ruthenicum
Malus domestica
Matteuccia struthiopteris
Medicago sativa
Mentha requienii
Metrosideros excelsa
Morus alba
Olea europaea
Origanum vulgare
Passiflora manicata
Passiflora morifolia
Passiflotra edulis
Paulownia elongata
Paulownia tomentosa
Perilla frutescens
Persea americana
Petasites japonicus
Phillyrea angustifolia
Phormium tenax
Pistacia lentiscus
Plantago lanceolata
Prunus armeniaca
Prunus avium
Prunus domestica
Prunus domestica
Prunus spinosa
Psidium cattleyanum
Psidium guajava
Punica granatum
Pyracantha coccinea
Pyrus communis
Pyrus pyrifolia
Quercus robur
Quercus suber
Rheum rhaponticum
Rhus trilobata
Robinia pseudoacacia
Rubus illecebrosus
Sambucus nigra
Saponaria officinalis
Sicana odorifera
Sinapis alba
Solanum abutiloides
Solanum betaceum
Solanum muricatum
Sorbus aria
Sorbus aucuparia
Sorbus domestica
Sorbus terminalis
Staphylea colchica
Symphytum azureum
Syzygium cumini
Tagetes lucida
Tetragonia tetragonioides
Viburnum tinus
Yuca filamentosa
Zanthoxylum americanum
