Allium schoenoprasum,https://www.tuinadvies.nl/img/tuinadvies/uploads/1577367701-732146.jpg
"Allium ursinum","https://www.tuinadvies.nl/img/tuinadvies/uploads/1577367714-732146-600.jpg"
"Alnus cordata","https://www.vdberk.nl/media/7670/alnus_cordata_1-1.jpg"
"Althea officinalis","http://t1.gstatic.com/licensed-image?q=tbn:ANd9GcQ4y0fBsh1wmFuRNhlhKCEhzkVG5nPbbwsLLrYvA-slmIEaVbz_nx1W0nlvUAkTqXKY52op3gNa9QkPZbM"
"Amaranthus caudatus","http://t0.gstatic.com/licensed-image?q=tbn:ANd9GcSV2XkhkKfhbN0_v7Lx_0NMrDwE-RnY7i3Hadb-C0bUlUND1k-PfTp6sXQRQOg3BTWJqWF0mmgmqzEitsQ"
"Amelanchier lamarckii","http://t2.gstatic.com/licensed-image?q=tbn:ANd9GcQk20uNpBDc0o4CAjV73HeqKQDFWdE0HKJGv4v-ixEZnrUnpo1-CxPbzzTIY3-4tykCLr-VSFbo0IYRdTM"
"Amorpha fruticosa","http://t3.gstatic.com/licensed-image?q=tbn:ANd9GcTVJt8uSHlvdcGz_m1xQ8LszMImktuglmv4-ccyfqlKuGLqGqWD6AitZf7RJ7T4u5bWkv_O1-3yWBg32aU"
"Angelica keiskei","http://t3.gstatic.com/licensed-image?q=tbn:ANd9GcQ2E_hyH6M3FjwYAHrWlqyWDneLvzAnveZ0IwZ9z3Qs53xMYHwpQnqnTO4kBThHuJVN0hwevHjn021uEls"
"Aralia cordata","http://t3.gstatic.com/licensed-image?q=tbn:ANd9GcStVM57AAiEzX6rOe5XQMDKmP17NGyWi6dIm4xPkVK5MybxMRJ17kWAV8M06O7pXKNY_I2awZu6MNQwB4E"
"Arbutus unedo","https://i.etsystatic.com/17057214/r/il/c5b20f/3204701658/il_570xN.3204701658_qzke.jpg"
"Armoracia rusticana","https://upload.wikimedia.org/wikipedia/commons/thumb/b/b6/Armoracia_rusticana.jpg/1200px-Armoracia_rusticana.jpg"
"Aronia prunifolia","https://www.ebben.nl/files/treeEbb/images/852x480/aronia-prunifolia-fruits-1."
"Basella alba","http://t3.gstatic.com/licensed-image?q=tbn:ANd9GcRyvp9o18V1nlQhnjKBIs4nLrs8oMvGN-CP2rOB2GxTh3xRCtDxTlfQVNrRM7uwkvW0ylX7AaAvSOn9w0Q"
"Buddleja davidii","http://t2.gstatic.com/licensed-image?q=tbn:ANd9GcSRKFFw9wBfdvVYg1DcNrR4yuge-Otcamm6OAF2CXTxXl_DvGzlB3fohMhCdER6p4H8tyFIBeOp8yNXSCI"
"Calycanthus floridus","http://t0.gstatic.com/licensed-image?q=tbn:ANd9GcRQBSOWwvhPqnb1Q1tsNXkWeHihbjEtq32dmS7y8Zr17iEPkbEUDrPuoWSSns-l2BF9MJ3tZUQVRVy6Dac"
"Caragana arborescens",https://i.etsystatic.com/21104947/r/il/c0ed95/2686607527/il_570xN.2686607527_9q3r.jpg
"Casuarina equisetifolia",http://cdn.shopify.com/s/files/1/0047/9730/0847/products/nurserylive-plants-casuarina-equisetifolia-australian-pine-tree-plant-16968695840908.jpg?v=1634215651
"Celtis australis",https://cdn.shopify.com/s/files/1/0540/1162/5665/products/3_81f12d39-9b89-4042-b912-6c82ce63711b_1024x1024.jpg?v=1629298863
"Centella asiatica",https://www.picturethisai.com/wiki-image/1080/4646A62219114D08B1B33B121CC0AFDF.jpeg
"Ceratonia siliqua",https://redlandfruitandspice.com/wp-content/uploads/2018/12/Carob-pod.jpg
"Cercis siliquastrum",https://www.hillier.co.uk/wp-content/uploads/2021/03/Cercis-siliquastrum-Judas-Tree-Ampfield-House.jpg
"Chaenomeles speciosa",https://landscapeplants.oregonstate.edu/sites/plantid7/files/plantimage/chsp3B.jpg
"Cichorium intybus",https://www.picturethisai.com/wiki-image/1080/2A195B741F6C4728B29AEA7EE13B7550.jpeg
"Citrus aurantifolia","https://naturalworld.nl/wp-content/uploads/2021/12/citrus-aurantifolia.jpg"
Citrus limon,"https://upload.wikimedia.org/wikipedia/commons/c/cd/Lemon_Tree_in_Santa_Clara_California.jpg"
Citrus sinensis,"https://upload.wikimedia.org/wikipedia/commons/b/b0/OrangeBloss_wb.jpg"
Cornus mas,https://www.debomenshop.nl/1857-large_default/cornus-mas-gele-kornoelje.jpg
Corylus avelana,https://www.gardenia.net/storage/app/public/uploads/images/detail/9Bbg7XtcD4lDbcOfxMvukHl38Z8xLsFcNl68bx9q.webp
Crambe maritima,http://t2.gstatic.com/licensed-image?q=tbn:ANd9GcQXudJvmc8Bjq6DkHcHuxb6Bl2qFCBr4p0MHsWcK0wWgXDu782oyAluhvNLcl621bFNa7LTwHTWGcGVKXc
Crataegus monogyna,http://t0.gstatic.com/licensed-image?q=tbn:ANd9GcSKS46wPUm3RqaMTCWnlXt0Vz25x1gXgHKmH5XyDurNREhZYyV4FvZ8cpw2mL2l0j2YzmCVeBleGUqguKxjduK_wSAYh0_tilP48IgyPUn4
Crithmum maritimum,https://naturalworld.nl/wp-content/uploads/2021/12/crithmum-maritimum-1.jpg
Cydonia oblonga,https://www.tuinadvies.nl/img/tuinadvies/uploads/1398799832-130729-340.jpg
Cytisus striatus,https://eunis.eea.europa.eu/images/species//169707/c085e0cf92b58e989e86c87f81f54f15.jpg
Debregeasia edullis,https://d3bbsv6h7qkr8y.cloudfront.net/a9/f4/a9f41d237f49cb3907399f0fd52f5ed5.jpg
Decaisnea fargesii,https://i.etsystatic.com/28248389/r/il/669b0d/3236404465/il_570xN.3236404465_j6nk.jpg
Diospyros kaki,https://cdn.webshopapp.com/shops/22115/files/307534388/600x600x2/eetbare-tuin-edible-garden-diospyros-kaki-sharonfr.jpg
Elaeagnus angustifolia,https://www.directplant.nl/media/catalog/product/e/l/elaeagnus_angustifolia_1.jpg?optimize=medium&fit=crop&height=600&width=600
Elaeagnus multiflora,http://t3.gstatic.com/licensed-image?q=tbn:ANd9GcQinds-TdUw7Jqjr2JcgQKB8EbCnUmj1oan02gDQ5w0nOCqhdqrrj4hNZKvpmMK4Mrgyu65GE_B28Lkdlo
Elaeagnus umbellata,http://t0.gstatic.com/licensed-image?q=tbn:ANd9GcQ_VG_Omtzl_5d_qkIw7BqAXv9JbhegThnAArIfrB9v2BYSreOnRkUBxzha9VQAt3Vuib6dtBnUavZFZiE
Elaeagnus x ebbingei,https://www.vdberk.nl/media/cache/tree_large/media/34960/elaeagnus-ebbingei.jpg
Eryobotrea japonica,https://upload.wikimedia.org/wikipedia/commons/thumb/1/17/Loquat-0.jpg/1024px-Loquat-0.jpg
Eugenia uniflora,http://t1.gstatic.com/licensed-image?q=tbn:ANd9GcSVhxbAnA1I9Sos9hJZ89d_0QMKbXEOBGPkR3mrITkwBzoARoYXUTxVZsAjgpPoVCtkz3D8_hlnTM4JXEU
Feijoa sellowiana,https://mergenmetz.nl/wp-content/uploads/2021/05/1280px-Starr-090504-7297-Acca_sellowiana-flowers_and_leaves-Crater_Rd-Maui_24927984486.jpg
Ficus habrophyla,https://live.staticflickr.com/3849/14576762543_cd8c075ca5_b.jpg
Fragaria moschata,https://upload.wikimedia.org/wikipedia/commons/8/8d/Fragaria_moschata_detail.JPG
Fraxinus angustifolia,http://t3.gstatic.com/licensed-image?q=tbn:ANd9GcTSDfz0Fk567hU6Lt1c1LWrp-alCnbDDz3VBSKJOq8x9ZNCJJtbS4JZwzgcT-V0uaXV9siUnnb7XjT2hNY
Galium odoratum,http://t3.gstatic.com/licensed-image?q=tbn:ANd9GcQ1N3RnanfcXxMg4zRVnlghMKly3WtlmWSk9xiM_M1pwevhkG8_MdGy-UferiuuIEywyFp4SDwmR4fzAWk
Gunnera manicata,https://upload.wikimedia.org/wikipedia/commons/0/09/Gunnera_manicata3.JPG
Halesia carolina,https://www.vdberk.nl/media/45730/halesia-carolina.jpg
Hippophae rhamnoides,https://upload.wikimedia.org/wikipedia/commons/thumb/3/3a/Hippophae_rhamnoides-01_%28xndr%29.JPG/1200px-Hippophae_rhamnoides-01_%28xndr%29.JPG
Humulus lupulus,https://upload.wikimedia.org/wikipedia/commons/7/70/Hopfen1.jpg
Jacaranda mimosifoila,http://t0.gstatic.com/licensed-image?q=tbn:ANd9GcTIPOPVAT3T-kKUO51c2sWMEXdqzoC6nZtjaA_VIb-kr9g_6zYmsv1oSzsOuP2wrPBE5ASBvCK84PINgG4
Juglans cinerea,https://newfs.s3.amazonaws.com/taxon-images-1000s1000/Juglandaceae/juglans-cinerea-fr-fbramley.jpg
Laurus nobilis,http://t0.gstatic.com/licensed-image?q=tbn:ANd9GcRg8SOtNxnVQ7qmB1vNXPHleuxGVT-CdRAKgWk1KI0AuahvYGP7GtbB2fOrxgSyTO_KKZjHc8nU5ZTxyo4
Ligustrum vulgare,http://t0.gstatic.com/licensed-image?q=tbn:ANd9GcQst8T2JeohQIiB6i6xHMwOpKJTd_fG8u4-efUbJfX9YJL2jyMKWRc1LZ0HLr25YB1oRfmDmMtjOtwPN_g
Lonicera caerulea,http://t2.gstatic.com/licensed-image?q=tbn:ANd9GcQqRmEXYGlVpuOiRpscq1o0JErzvwgx8OG1G-9FYUWdSXCZUVDDlx8NJ5ExjgfwxHltIVOmHWV7ntwzyCU
Lycium ruthenicum,https://www.balkep.org/uploads/9/0/7/9/9079678/lycium-ruthenicum_orig.jpg
Matteuccia struthiopteris,http://t2.gstatic.com/licensed-image?q=tbn:ANd9GcTs6feZARlM9EWkb5H6wV55aaTFV5AqFRxosB9RwFUnANLpU92nA_Ze-yJ5XOg6MK8YG4oZY6JNLxABTyQ
Medicago sativa,https://www.tuinplantenzaden.nl/wp-content/uploads/luzerne.jpg
Mentha requienii,http://t1.gstatic.com/licensed-image?q=tbn:ANd9GcSSnQ2IwgopTL3C0xe3zXZXy8KdWVSIDN3D6tRwlSkga59TrAF7dZALFE6XjRhxOdJQWjUuusSLMEgVBsw
Metrosideros excelsa,https://www.mypalmshop.nl//Files/10/233000/233234/ProductPhotos/800/1668294506.jpg
Morus alba,https://s3.amazonaws.com/eit-planttoolbox-prod/media/images/morus-alba-wplynn-ccbynd20.jpg
Olea europaea,https://www.onszaden.nl//Files/10/221000/221010/ProductPhotos/620/1030358135.jpg
Origanum vulgare,https://www.tuincentrumsoontiens.nl/media/catalog/product/cache/1/image/9df78eab33525d08d6e5fb8d27136e95/o/r/origanum_vulgare_1.jpg
Passiflora manicata,https://www.passionflow.co.uk/wp-content/uploads/2018/02/man2.jpg
Passiflora morifolia,https://upload.wikimedia.org/wikipedia/commons/8/83/Passiflora_morifolia_flower.jpg
Passiflotra edulis,https://i.etsystatic.com/10537006/r/il/c21ccf/2825783063/il_570xN.2825783063_r0xj.jpg
Paulownia elongata,https://cdn.shopify.com/s/files/1/0540/1162/5665/products/1_4edab099-01ee-44ff-b3a8-6ecab9a3d8ca_1024x1024.jpg?v=1661514847
Paulownia tomentosa,https://i.etsystatic.com/9817393/r/il/4d98a6/676766490/il_570xN.676766490_bq2l.jpg
Perilla frutescens,https://i.ebayimg.com/images/g/l7QAAOSwIuNeVoFy/s-l500.png
Persea americana,https://www.picturethisai.com/wiki-image/1080/606EED64F7B542CD93893A366A73D34F.jpeg
Petasites japonicus,https://i0.wp.com/www.gardenfundamentals.com/wp-content/uploads/2020/12/petasites-japonicus-main.jpg?resize=500%2C331
Phillyrea angustifolia,https://media.s-bol.com/J6q6yPRX5RMl/550x550.jpg
Phormium tenax,https://www.picturethisai.com/wiki-image/1080/154034616951373848.jpeg
